subject,year only,no. of posting
Business Finance,2016,347
Business Finance,2015,339
Business Finance,2017,227
Business Finance,2014,192
Business Finance,2013,84
Business Finance,2012,6
Graphic Design,2016,181
Graphic Design,2015,168
Graphic Design,2017,155
Graphic Design,2014,65
Graphic Design,2013,23
Graphic Design,2012,10
Musical Instruments,2016,228
Musical Instruments,2015,171
Musical Instruments,2014,120
Musical Instruments,2017,112
Musical Instruments,2013,39
Musical Instruments,2012,10
Web Development,2016,448
Web Development,2015,336
Web Development,2017,223
Web Development,2014,113
Web Development,2013,55
Web Development,2012,19
Web Development,2011,5
